Classifier	Relation	Run	Fold	AUPRC (macro averaged)	AUROC (macro averaged)	Accuracy	Avg precision	Build Time	Empty labelvectors (predicted)	Exact match	F1 (macro averaged by example)	F1 (macro averaged by label)	F1 (micro averaged)	Hamming loss	Hamming score	Harmonic score	Jaccard distance	Jaccard index	Label cardinality (predicted)	Label cardinality (test set)	Label cardinality (train set)	Levenshtein distance	Log Loss (lim. D)	Log Loss (lim. L)	Number of test instances	Number of test instances (N)	Number of training instances	One error	Rank loss	Test Time	Total Time	ZeroOne loss
meka.classifiers.multilabel.meta.BaggingML -S 1 -I 10 -P 67 -W meka.classifiers.multilabel.MULANedit -- -S BPMLLwD3 -W weka.classifiers.trees.J48 -- -C 0.25 -M 2	Yeast: -C 14 -split-number 1500	1	1	0.4454775668506299	0.6751257139685657	0.5241620752984387	0.37001055706449726	543.575	0.0	0.1322314049586777	0.637669791182188	0.33968484115023684	0.6564356435643565	0.2048406139315232	0.7951593860684768	0.7197056035032797	0.4758379247015613	0.5241620752984387	4.24793388429752	4.099173553719008	4.2524137931034485	0.19421487603305798	0.5347159587663814	0.5328338280135219	242.0	242	2175.0	0.26859504132231404	0.1742404183446096	0.298	543.873	0.8677685950413223
meka.classifiers.multilabel.meta.BaggingML -S 1 -I 10 -P 67 -W meka.classifiers.multilabel.MULANedit -- -S BPMLLwD3 -W weka.classifiers.trees.J48 -- -C 0.25 -M 2	Yeast: -C 14 -split-number 1500	1	2	0.4577788680842919	0.6549761732786242	0.5237832874196509	0.4102443507616175	522.685	0.0	0.16115702479338845	0.6365987318466657	0.3481015013109206	0.6483357452966715	0.21517119244391972	0.7848288075560803	0.7053285767633052	0.47621671258034914	0.5237832874196509	4.223140495867769	4.3429752066115705	4.225287356321839	0.2069067296340024	0.5380968958713256	0.5366969576298665	242.0	242	2175.0	0.22727272727272727	0.1864383017939688	0.36	523.045	0.8388429752066116
meka.classifiers.multilabel.meta.BaggingML -S 1 -I 10 -P 67 -W meka.classifiers.multilabel.MULANedit -- -S BPMLLwD3 -W weka.classifiers.trees.J48 -- -C 0.25 -M 2	Yeast: -C 14 -split-number 1500	1	3	0.4550949460158678	0.6344461915801072	0.5419864226682407	0.38636064466273995	511.787	0.0	0.14462809917355368	0.6568565502449796	0.3610350366185274	0.6705370101596516	0.20100354191263284	0.7989964580873672	0.7337855646437436	0.4580135773317593	0.5419864226682407	4.223140495867769	4.318181818181818	4.228045977011495	0.19362455726092093	0.521162329010921	0.5198103124786325	242.0	242	2175.0	0.2190082644628099	0.15749027635096124	0.388	512.175	0.8553719008264463
meka.classifiers.multilabel.meta.BaggingML -S 1 -I 10 -P 67 -W meka.classifiers.multilabel.MULANedit -- -S BPMLLwD3 -W weka.classifiers.trees.J48 -- -C 0.25 -M 2	Yeast: -C 14 -split-number 1500	1	4	0.4658197416918548	0.6733970174325561	0.5232224845861208	0.38834541137546824	512.944	0.0	0.12809917355371903	0.6379104137368599	0.3526607663402647	0.6524891251812469	0.21221959858323491	0.7877804014167651	0.7133972363752863	0.47677751541387925	0.5232224845861208	4.223140495867769	4.3264462809917354	4.227126436781609	0.20425029515938603	0.5365699211302875	0.5347338810793234	242.0	242	2175.0	0.256198347107438	0.17484924969429108	0.367	513.311	0.871900826446281
meka.classifiers.multilabel.meta.BaggingML -S 1 -I 10 -P 67 -W meka.classifiers.multilabel.MULANedit -- -S BPMLLwD3 -W weka.classifiers.trees.J48 -- -C 0.25 -M 2	Yeast: -C 14 -split-number 1500	1	5	0.4242244600789738	0.650353278899766	0.47836347536760754	0.3741787359311215	525.304	0.0	0.09090909090909094	0.5967643008965321	0.3303495968011473	0.613	0.2284533648170012	0.7715466351829988	0.6905713986807066	0.5216365246323924	0.47836347536760754	4.260330578512397	4.0041322314049586	4.262988505747127	0.22077922077922082	0.5711909102990157	0.5693082074758989	242.0	242	2175.0	0.2975206611570248	0.1959139517507285	0.393	525.697	0.9090909090909091
meka.classifiers.multilabel.meta.BaggingML -S 1 -I 10 -P 67 -W meka.classifiers.multilabel.MULANedit -- -S BPMLLwD3 -W weka.classifiers.trees.J48 -- -C 0.25 -M 2	Yeast: -C 14 -split-number 1500	1	6	0.450206513495107	0.6618848657947131	0.5089537643256647	0.37635035134189887	524.957	0.0	0.12809917355371903	0.624774376220657	0.3388786509192253	0.6410879067508498	0.21812278630460433	0.7818772136953956	0.7009723523109881	0.49104623567433525	0.5089537643256647	4.2272727272727275	4.2809917355371905	4.232183908045977	0.20956316410861847	0.5388100563616257	0.5365695468350198	242.0	242	2175.0	0.2190082644628099	0.17413060915864922	0.319	525.276	0.871900826446281
meka.classifiers.multilabel.meta.BaggingML -S 1 -I 10 -P 67 -W meka.classifiers.multilabel.MULANedit -- -S BPMLLwD3 -W weka.classifiers.trees.J48 -- -C 0.25 -M 2	Yeast: -C 14 -split-number 1500	1	7	0.4656777816579109	0.6511600316992384	0.5267742358651447	0.3957929050321315	536.638	0.0	0.18595041322314054	0.6314744942844117	0.3548452640569633	0.6462585034013605	0.21487603305785133	0.7851239669421487	0.7001232207879434	0.4732257641348553	0.5267742358651447	4.2272727272727275	4.276859504132231	4.23264367816092	0.20779220779220783	0.5454589731585875	0.5439473100625583	242.0	242	2175.0	0.25206611570247933	0.19232361417278754	0.297	536.935	0.8140495867768595
meka.classifiers.multilabel.meta.BaggingML -S 1 -I 10 -P 67 -W meka.classifiers.multilabel.MULANedit -- -S BPMLLwD3 -W weka.classifiers.trees.J48 -- -C 0.25 -M 2	Yeast: -C 14 -split-number 1500	1	8	0.4421537445583625	0.6663754957983178	0.520004281103866	0.3819065442130301	510.881	0.0	0.12448132780082988	0.6418214335226785	0.34561360924023765	0.649805447470817	0.21339656194427997	0.7866034380557201	0.7235322544331421	0.479995718896134	0.520004281103866	4.224066390041494	4.3070539419087135	4.229319852941177	0.20569057498518098	0.5393003756679003	0.5368145568269015	241.0	241	2176.0	0.25311203319502074	0.17342818052658004	0.354	511.235	0.8755186721991701
meka.classifiers.multilabel.meta.BaggingML -S 1 -I 10 -P 67 -W meka.classifiers.multilabel.MULANedit -- -S BPMLLwD3 -W weka.classifiers.trees.J48 -- -C 0.25 -M 2	Yeast: -C 14 -split-number 1500	1	9	0.4283794540524336	0.6435253785054954	0.5204982546268855	0.3869579976042381	503.918	0.0	0.1410788381742739	0.6314170154419119	0.3429405112439615	0.6484641638225256	0.21369294605809128	0.7863070539419087	0.7050800196432128	0.4795017453731145	0.5204982546268855	4.228215767634855	4.282157676348548	4.232077205882353	0.20509780675755787	0.5388377040270647	0.5369019209083672	241.0	241	2176.0	0.22821576763485477	0.17805094036570027	0.394	504.312	0.8589211618257261
meka.classifiers.multilabel.meta.BaggingML -S 1 -I 10 -P 67 -W meka.classifiers.multilabel.MULANedit -- -S BPMLLwD3 -W weka.classifiers.trees.J48 -- -C 0.25 -M 2	Yeast: -C 14 -split-number 1500	1	10	0.4613948518845293	0.677713089920524	0.5442847263386681	0.36621588606732336	528.937	0.0	0.12863070539419086	0.6639788289165881	0.3597865516864842	0.6726102030708272	0.19590989922940147	0.8040901007705985	0.7546838871176998	0.4557152736613319	0.5442847263386681	4.244813278008299	4.132780082987552	4.248621323529412	0.18553645524599893	0.5353182222435626	0.5329456560803099	241.0	241	2176.0	0.26141078838174275	0.15610231005903796	0.322	529.259	0.8713692946058091
meka.classifiers.multilabel.meta.BaggingML -S 1 -I 10 -P 67 -W meka.classifiers.multilabel.MULANedit -- -S BPMLLwD3 -W weka.classifiers.trees.J48 -- -C 0.25 -M 2	Yeast: -C 14 -split-number 1500	2	1	0.4431392172632474	0.6702965539803677	0.5216138659320476	0.370936688849543	744.285	0.0	0.12809917355371903	0.6359429597032905	0.33853290668674774	0.6554455445544555	0.20543093270366006	0.7945690672963399	0.7186949610151617	0.4783861340679524	0.5216138659320476	4.24793388429752	4.099173553719008	4.2524137931034485	0.19510035419126331	0.5364549232750452	0.5343885287539049	242.0	242	2175.0	0.26859504132231404	0.17433095731501874	0.296	744.581	0.871900826446281
meka.classifiers.multilabel.meta.BaggingML -S 1 -I 10 -P 67 -W meka.classifiers.multilabel.MULANedit -- -S BPMLLwD3 -W weka.classifiers.trees.J48 -- -C 0.25 -M 2	Yeast: -C 14 -split-number 1500	2	2	0.4557408946207273	0.6540638853125744	0.5203397612488518	0.40848547624595416	735.112	0.0	0.15702479338842978	0.6337019958920785	0.3469114695033713	0.6464061746261457	0.21635182998819358	0.7836481700118064	0.7030673532474501	0.47966023875114816	0.5203397612488518	4.223140495867769	4.3429752066115705	4.225287356321839	0.20779220779220778	0.5395776025553708	0.5379572103198637	242.0	242	2175.0	0.22727272727272727	0.18668091386509322	0.373	735.485	0.8429752066115702
meka.classifiers.multilabel.meta.BaggingML -S 1 -I 10 -P 67 -W meka.classifiers.multilabel.MULANedit -- -S BPMLLwD3 -W weka.classifiers.trees.J48 -- -C 0.25 -M 2	Yeast: -C 14 -split-number 1500	2	3	0.4545342468229703	0.6341877402901253	0.5432162534435261	0.38514401904012263	742.492	0.0	0.14462809917355368	0.6585440500729756	0.36186375677012306	0.671504596032898	0.20041322314049587	0.7995867768595042	0.735410571575741	0.4567837465564739	0.5432162534435261	4.223140495867769	4.318181818181818	4.228045977011495	0.19273907910271548	0.5215873960657348	0.520033875563142	242.0	242	2175.0	0.2190082644628099	0.15745655449758175	0.302	742.794	0.8553719008264463
meka.classifiers.multilabel.meta.BaggingML -S 1 -I 10 -P 67 -W meka.classifiers.multilabel.MULANedit -- -S BPMLLwD3 -W weka.classifiers.trees.J48 -- -C 0.25 -M 2	Yeast: -C 14 -split-number 1500	2	4	0.4646389725282674	0.6765485268672784	0.5243276925095104	0.3885820403997301	746.701	0.0	0.1322314049586777	0.6391882451799806	0.35168002142781757	0.6524891251812469	0.21221959858323491	0.7877804014167651	0.7162071822884924	0.4756723074904896	0.5243276925095104	4.223140495867769	4.3264462809917354	4.227126436781609	0.2054309327036599	0.5389711430728954	0.537281389852676	242.0	242	2175.0	0.256198347107438	0.17398125536407708	0.332	747.033	0.8677685950413223
meka.classifiers.multilabel.meta.BaggingML -S 1 -I 10 -P 67 -W meka.classifiers.multilabel.MULANedit -- -S BPMLLwD3 -W weka.classifiers.trees.J48 -- -C 0.25 -M 2	Yeast: -C 14 -split-number 1500	2	5	0.42298678137573004	0.652015667361091	0.4790882556378426	0.37407982151144265	746.894	0.0	0.0950413223140496	0.5962434489293993	0.3263303522478465	0.6120000000000001	0.22904368358913813	0.7709563164108619	0.6896424719217878	0.5209117443621574	0.4790882556378426	4.260330578512397	4.0041322314049586	4.262988505747127	0.22195985832349469	0.5700144359113718	0.5677824169700799	242.0	242	2175.0	0.2975206611570248	0.19545305802684776	0.331	747.225	0.9049586776859504
meka.classifiers.multilabel.meta.BaggingML -S 1 -I 10 -P 67 -W meka.classifiers.multilabel.MULANedit -- -S BPMLLwD3 -W weka.classifiers.trees.J48 -- -C 0.25 -M 2	Yeast: -C 14 -split-number 1500	2	6	0.4513663779800191	0.6641174115411309	0.5101196439006354	0.37521395043793593	737.108	0.0	0.12809917355371903	0.6274582396483221	0.3392491245465286	0.6420592520641089	0.21753246753246736	0.7824675324675326	0.7071373082838895	0.48988035609936464	0.5101196439006354	4.2272727272727275	4.2809917355371905	4.232183908045977	0.20897284533648153	0.5402951797336165	0.5377571484216784	242.0	242	2175.0	0.2190082644628099	0.17359169837770783	0.364	737.472	0.871900826446281
meka.classifiers.multilabel.meta.BaggingML -S 1 -I 10 -P 67 -W meka.classifiers.multilabel.MULANedit -- -S BPMLLwD3 -W weka.classifiers.trees.J48 -- -C 0.25 -M 2	Yeast: -C 14 -split-number 1500	2	7	0.46236062713896137	0.651691079209623	0.5246966417420961	0.39226641302202103	744.154	0.0	0.18181818181818177	0.6304527657833442	0.35352429814885733	0.6452866861030127	0.2154663518299883	0.7845336481700117	0.6996861129798072	0.47530335825790393	0.5246966417420961	4.2272727272727275	4.276859504132231	4.23264367816092	0.2086776859504133	0.5470933780095883	0.5451663735912529	242.0	242	2175.0	0.25206611570247933	0.19316096388853168	0.298	744.452	0.8181818181818182
meka.classifiers.multilabel.meta.BaggingML -S 1 -I 10 -P 67 -W meka.classifiers.multilabel.MULANedit -- -S BPMLLwD3 -W weka.classifiers.trees.J48 -- -C 0.25 -M 2	Yeast: -C 14 -split-number 1500	2	8	0.4404282154014351	0.6655879997906347	0.519232035829546	0.38412403002750756	736.01	0.0	0.12448132780082988	0.6404895012778833	0.3443337716909051	0.6478599221789882	0.21458209839952594	0.7854179016004741	0.7210450110259897	0.480767964170454	0.519232035829546	4.224066390041494	4.3070539419087135	4.229319852941177	0.20657972732661548	0.5399849525156306	0.5377136395770752	241.0	241	2176.0	0.25311203319502074	0.17362941593083858	0.303	736.313	0.8755186721991701
meka.classifiers.multilabel.meta.BaggingML -S 1 -I 10 -P 67 -W meka.classifiers.multilabel.MULANedit -- -S BPMLLwD3 -W weka.classifiers.trees.J48 -- -C 0.25 -M 2	Yeast: -C 14 -split-number 1500	2	9	0.4279496024671087	0.6435214447064815	0.5229796482908518	0.3859366374905545	741.327	0.0	0.1452282157676349	0.6333815331740646	0.34312887128706715	0.6494392979034618	0.2131001778304683	0.7868998221695317	0.7066290178631718	0.47702035170914825	0.5229796482908518	4.228215767634855	4.282157676348548	4.232077205882353	0.20450503852993485	0.5396650067941041	0.5377671442297134	241.0	241	2176.0	0.22821576763485477	0.1784129630824948	0.393	741.72	0.8547717842323651
meka.classifiers.multilabel.meta.BaggingML -S 1 -I 10 -P 67 -W meka.classifiers.multilabel.MULANedit -- -S BPMLLwD3 -W weka.classifiers.trees.J48 -- -C 0.25 -M 2	Yeast: -C 14 -split-number 1500	2	10	0.46233601384582773	0.6779078475429298	0.5409685174207993	0.3661328710724825	737.275	0.0	0.13278008298755184	0.6601842832133289	0.3537684661315244	0.6686478454680534	0.19828097213989346	0.8017190278601065	0.7511323074707321	0.4590314825792007	0.5409685174207993	4.244813278008299	4.132780082987552	4.248621323529412	0.1879075281564909	0.5351004446557973	0.5328792841577084	241.0	241	2176.0	0.26141078838174275	0.15804542556172663	0.332	737.607	0.8672199170124482
meka.classifiers.multilabel.meta.BaggingML -S 1 -I 10 -P 67 -W meka.classifiers.multilabel.MULANedit -- -S BPMLLwD3 -W weka.classifiers.trees.J48 -- -C 0.25 -M 2	Yeast: -C 14 -split-number 1500	3	1	0.444704519147213	0.6702201376012555	0.5248950544405089	0.37138870844818295	750.343	0.0	0.14049586776859502	0.6381408536367216	0.34006375603698386	0.6564356435643565	0.20484061393152317	0.7951593860684768	0.7202274449389888	0.4751049455594911	0.5248950544405089	4.24793388429752	4.099173553719008	4.2524137931034485	0.19421487603305793	0.5366568044019031	0.5350274062047297	242.0	242	2175.0	0.26859504132231404	0.1755873758603983	0.317	750.66	0.859504132231405
meka.classifiers.multilabel.meta.BaggingML -S 1 -I 10 -P 67 -W meka.classifiers.multilabel.MULANedit -- -S BPMLLwD3 -W weka.classifiers.trees.J48 -- -C 0.25 -M 2	Yeast: -C 14 -split-number 1500	3	2	0.4562490396581319	0.656410780855917	0.5259477895841531	0.41126191239015897	748.147	0.0	0.16115702479338845	0.6382942585421922	0.3498701021866738	0.6502653159671974	0.21399055489964577	0.7860094451003542	0.7068115858689555	0.4740522104158469	0.5259477895841531	4.223140495867769	4.3429752066115705	4.225287356321839	0.20543093270365995	0.5408964338538166	0.5393819654626119	242.0	242	2175.0	0.22727272727272727	0.18629377804407313	0.383	748.53	0.8388429752066116
meka.classifiers.multilabel.meta.BaggingML -S 1 -I 10 -P 67 -W meka.classifiers.multilabel.MULANedit -- -S BPMLLwD3 -W weka.classifiers.trees.J48 -- -C 0.25 -M 2	Yeast: -C 14 -split-number 1500	3	3	0.45311755739726084	0.6320414048632775	0.5408795749704839	0.38548447098181426	746.158	0.0	0.15702479338842978	0.6556824717981742	0.35652488147402617	0.6676342525399129	0.20277449822904373	0.7972255017709563	0.732661390002103	0.4591204250295161	0.5408795749704839	4.223140495867769	4.318181818181818	4.228045977011495	0.19510035419126331	0.5231742476080484	0.5217542897194035	242.0	242	2175.0	0.2190082644628099	0.15829016680551522	0.376	746.534	0.8429752066115702
meka.classifiers.multilabel.meta.BaggingML -S 1 -I 10 -P 67 -W meka.classifiers.multilabel.MULANedit -- -S BPMLLwD3 -W weka.classifiers.trees.J48 -- -C 0.25 -M 2	Yeast: -C 14 -split-number 1500	3	4	0.4648598548398075	0.6737639654439411	0.5201757838121471	0.3869764865620333	751.139	0.0	0.12809917355371903	0.6356186054533162	0.3449668252821128	0.6486225229579506	0.21458087367178272	0.7854191263282173	0.7131592084071745	0.47982421618785287	0.5201757838121471	4.223140495867769	4.3264462809917354	4.227126436781609	0.2077922077922077	0.5365959348935347	0.5347445354019708	242.0	242	2175.0	0.256198347107438	0.174205553072141	0.363	751.502	0.871900826446281
meka.classifiers.multilabel.meta.BaggingML -S 1 -I 10 -P 67 -W meka.classifiers.multilabel.MULANedit -- -S BPMLLwD3 -W weka.classifiers.trees.J48 -- -C 0.25 -M 2	Yeast: -C 14 -split-number 1500	3	5	0.42560520350453135	0.6519045715512536	0.4768447461629279	0.37669029882491584	752.77	0.0	0.10330578512396693	0.5938193808028516	0.32652210656908515	0.6100000000000001	0.23022432113341204	0.7697756788665879	0.6877634861850265	0.5231552538370721	0.4768447461629279	4.260330578512397	4.0041322314049586	4.262988505747127	0.2225501770956317	0.5698783261826194	0.5676101895468946	242.0	242	2175.0	0.2975206611570248	0.19565241838706998	0.315	753.085	0.8966942148760331
meka.classifiers.multilabel.meta.BaggingML -S 1 -I 10 -P 67 -W meka.classifiers.multilabel.MULANedit -- -S BPMLLwD3 -W weka.classifiers.trees.J48 -- -C 0.25 -M 2	Yeast: -C 14 -split-number 1500	3	6	0.45145913222898887	0.6649313605118868	0.5094063420509698	0.3748940329434317	756.785	0.0	0.12396694214876036	0.6268294607137581	0.34250943466692896	0.6420592520641089	0.21753246753246733	0.7824675324675326	0.7057724718929547	0.4905936579490302	0.5094063420509698	4.2272727272727275	4.2809917355371905	4.232183908045977	0.20897284533648153	0.5379495270215507	0.535331588435602	242.0	242	2175.0	0.2190082644628099	0.17340700015581947	0.407	757.192	0.8760330578512396
meka.classifiers.multilabel.meta.BaggingML -S 1 -I 10 -P 67 -W meka.classifiers.multilabel.MULANedit -- -S BPMLLwD3 -W weka.classifiers.trees.J48 -- -C 0.25 -M 2	Yeast: -C 14 -split-number 1500	3	7	0.46792750465719896	0.6526055589773987	0.5240768070313524	0.3942014481075134	755.777	0.0	0.17355371900826444	0.6304962943392693	0.35110775220108714	0.6452866861030127	0.21546635182998822	0.7845336481700118	0.6998695204854741	0.4759231929686476	0.5240768070313524	4.2272727272727275	4.276859504132231	4.23264367816092	0.20897284533648172	0.5443300495483434	0.5424992189117782	242.0	242	2175.0	0.25206611570247933	0.19227723198354826	0.425	756.202	0.8264462809917356
meka.classifiers.multilabel.meta.BaggingML -S 1 -I 10 -P 67 -W meka.classifiers.multilabel.MULANedit -- -S BPMLLwD3 -W weka.classifiers.trees.J48 -- -C 0.25 -M 2	Yeast: -C 14 -split-number 1500	3	8	0.44066521355196453	0.665268773207144	0.5198182177435289	0.38336346672804383	742.105	0.0	0.12863070539419086	0.6417477865610649	0.34481426231560963	0.6488326848249026	0.21398933017190294	0.7860106698280971	0.7234589955683559	0.4801817822564711	0.5198182177435289	4.224066390041494	4.3070539419087135	4.229319852941177	0.20657972732661548	0.5405930152513051	0.5386172720757366	241.0	241	2176.0	0.25311203319502074	0.172959140905199	0.386	742.491	0.8713692946058091
meka.classifiers.multilabel.meta.BaggingML -S 1 -I 10 -P 67 -W meka.classifiers.multilabel.MULANedit -- -S BPMLLwD3 -W weka.classifiers.trees.J48 -- -C 0.25 -M 2	Yeast: -C 14 -split-number 1500	3	9	0.4293894009348277	0.6442494439406028	0.5230092867022329	0.38653174728098144	744.978	0.0	0.13278008298755184	0.6349939825043561	0.3460315128902497	0.651389566065334	0.21191464137522237	0.7880853586247776	0.7081070269691151	0.4769907132977671	0.5230092867022329	4.228215767634855	4.282157676348548	4.232077205882353	0.2033195020746889	0.5392747792258534	0.5375281004378412	241.0	241	2176.0	0.22821576763485477	0.17747240328004987	0.399	745.377	0.8672199170124482
meka.classifiers.multilabel.meta.BaggingML -S 1 -I 10 -P 67 -W meka.classifiers.multilabel.MULANedit -- -S BPMLLwD3 -W weka.classifiers.trees.J48 -- -C 0.25 -M 2	Yeast: -C 14 -split-number 1500	3	10	0.4610041375822422	0.6774114038942362	0.5424800764012382	0.3657552732208183	743.335	0.0	0.13278008298755184	0.6610276307371743	0.35255452633053574	0.669638434868747	0.19768820391227043	0.8023117960877295	0.7517548045155487	0.4575199235987618	0.5424800764012382	4.244813278008299	4.132780082987552	4.248621323529412	0.18761114404267942	0.533040753427116	0.5307220187046167	241.0	241	2176.0	0.26141078838174275	0.1573537417268893	0.284	743.619	0.8672199170124482
meka.classifiers.multilabel.meta.BaggingML -S 1 -I 10 -P 67 -W meka.classifiers.multilabel.MULANedit -- -S BPMLLwD3 -W weka.classifiers.trees.J48 -- -C 0.25 -M 2	Yeast: -C 14 -split-number 1500	4	1	0.4428488305141459	0.6736246815583299	0.5208710481437753	0.37354286388487973	758.04	0.0	0.13636363636363635	0.6345324556068361	0.3373702302270497	0.6534653465346534	0.206611570247934	0.793388429752066	0.7170598667616077	0.4791289518562247	0.5208710481437753	4.24793388429752	4.099173553719008	4.2524137931034485	0.19569067296340031	0.5393217667144771	0.5373303376672615	242.0	242	2175.0	0.26859504132231404	0.1750336112791839	0.343	758.383	0.8636363636363636
meka.classifiers.multilabel.meta.BaggingML -S 1 -I 10 -P 67 -W meka.classifiers.multilabel.MULANedit -- -S BPMLLwD3 -W weka.classifiers.trees.J48 -- -C 0.25 -M 2	Yeast: -C 14 -split-number 1500	4	2	0.45749291307006495	0.6572158466112098	0.5244621540076084	0.40530280126428275	752.604	0.0	0.16115702479338845	0.6370021163409593	0.34907982400990606	0.6493005306319345	0.21458087367178272	0.7854191263282173	0.7056931501442489	0.4755378459923916	0.5244621540076084	4.223140495867769	4.3429752066115705	4.225287356321839	0.20631641086186542	0.5399006302430183	0.5384956059336407	242.0	242	2175.0	0.22727272727272727	0.18591968588279087	0.309	752.913	0.8388429752066116
meka.classifiers.multilabel.meta.BaggingML -S 1 -I 10 -P 67 -W meka.classifiers.multilabel.MULANedit -- -S BPMLLwD3 -W weka.classifiers.trees.J48 -- -C 0.25 -M 2	Yeast: -C 14 -split-number 1500	4	3	0.45091738844894474	0.634220156213659	0.545723468450741	0.3834706843126262	752.624	0.0	0.15289256198347112	0.6603858721627313	0.36591511299108476	0.6744073536526368	0.198642266824085	0.801357733175915	0.7373382924717606	0.45427653154925896	0.545723468450741	4.223140495867769	4.318181818181818	4.228045977011495	0.19185360094451004	0.5229427409969001	0.5217273549722535	242.0	242	2175.0	0.21487603305785125	0.15784577730415997	0.353	752.977	0.8471074380165289
meka.classifiers.multilabel.meta.BaggingML -S 1 -I 10 -P 67 -W meka.classifiers.multilabel.MULANedit -- -S BPMLLwD3 -W weka.classifiers.trees.J48 -- -C 0.25 -M 2	Yeast: -C 14 -split-number 1500	4	4	0.46548876337805967	0.6752407368790813	0.520313524858979	0.3899395875925783	755.039	0.0	0.12396694214876036	0.6359453677635495	0.3473025023517646	0.6495891735137748	0.2139905548996458	0.7860094451003542	0.7125545912418854	0.47968647514102103	0.520313524858979	4.223140495867769	4.3264462809917354	4.227126436781609	0.20602125147579686	0.5353759713403945	0.5337929265320615	242.0	242	2175.0	0.256198347107438	0.17447131364634325	0.297	755.336	0.8760330578512396
meka.classifiers.multilabel.meta.BaggingML -S 1 -I 10 -P 67 -W meka.classifiers.multilabel.MULANedit -- -S BPMLLwD3 -W weka.classifiers.trees.J48 -- -C 0.25 -M 2	Yeast: -C 14 -split-number 1500	4	5	0.42319665600613776	0.6492140754001657	0.4725685127544631	0.3744714045993067	759.826	0.0	0.09090909090909094	0.5906273707926598	0.321637742302953	0.6070000000000001	0.23199527744982293	0.768004722550177	0.6849859704720436	0.5274314872455369	0.4725685127544631	4.260330578512397	4.0041322314049586	4.262988505747127	0.22402597402597413	0.5708505597142759	0.5687040671361727	242.0	242	2175.0	0.30165289256198347	0.1962898008131184	0.269	760.095	0.9090909090909091
meka.classifiers.multilabel.meta.BaggingML -S 1 -I 10 -P 67 -W meka.classifiers.multilabel.MULANedit -- -S BPMLLwD3 -W weka.classifiers.trees.J48 -- -C 0.25 -M 2	Yeast: -C 14 -split-number 1500	4	6	0.44691742700666787	0.6607442875785946	0.5095440830978019	0.371768933563167	753.609	0.0	0.12396694214876036	0.626197700371254	0.34238054565080767	0.6420592520641089	0.2175324675324674	0.7824675324675325	0.7046146692779969	0.49045591690219814	0.5095440830978019	4.2272727272727275	4.2809917355371905	4.232183908045977	0.20897284533648156	0.5392466841129553	0.5368695628914982	242.0	242	2175.0	0.2190082644628099	0.1741897581626035	0.37	753.979	0.8760330578512396
meka.classifiers.multilabel.meta.BaggingML -S 1 -I 10 -P 67 -W meka.classifiers.multilabel.MULANedit -- -S BPMLLwD3 -W weka.classifiers.trees.J48 -- -C 0.25 -M 2	Yeast: -C 14 -split-number 1500	4	7	0.4643561426916589	0.654223623409598	0.5242358651449558	0.3945758799363431	751.163	0.0	0.17355371900826444	0.6305109032381759	0.3512970250040515	0.6452866861030127	0.21546635182998825	0.7845336481700118	0.6997820112971836	0.4757641348550442	0.5242358651449558	4.2272727272727275	4.276859504132231	4.23264367816092	0.20867768595041328	0.5472715875183739	0.5455511738598408	242.0	242	2175.0	0.25206611570247933	0.19282083848199547	0.473	751.636	0.8264462809917356
meka.classifiers.multilabel.meta.BaggingML -S 1 -I 10 -P 67 -W meka.classifiers.multilabel.MULANedit -- -S BPMLLwD3 -W weka.classifiers.trees.J48 -- -C 0.25 -M 2	Yeast: -C 14 -split-number 1500	4	8	0.4410560376865659	0.6667643062853763	0.5197128367252848	0.3821867182613576	754.94	0.0	0.12863070539419086	0.641640010519679	0.3451790128229501	0.6488326848249026	0.21398933017190305	0.786010669828097	0.7233973187683258	0.4802871632747152	0.5197128367252848	4.224066390041494	4.3070539419087135	4.229319852941177	0.206283343212804	0.5391150961194218	0.5370332666734168	241.0	241	2176.0	0.25311203319502074	0.1733499787441696	0.353	755.293	0.8713692946058091
meka.classifiers.multilabel.meta.BaggingML -S 1 -I 10 -P 67 -W meka.classifiers.multilabel.MULANedit -- -S BPMLLwD3 -W weka.classifiers.trees.J48 -- -C 0.25 -M 2	Yeast: -C 14 -split-number 1500	4	9	0.42858084660974544	0.6434245139512823	0.5212639135875652	0.382121136102439	750.653	0.0	0.13278008298755184	0.6333578823205381	0.3444394929804372	0.6504144319843979	0.2125074096028453	0.7874925903971547	0.7068753075292799	0.4787360864124348	0.5212639135875652	4.228215767634855	4.282157676348548	4.232077205882353	0.20450503852993487	0.5373755441941804	0.5355205648196959	241.0	241	2176.0	0.22821576763485477	0.17733409069360456	0.366	751.019	0.8672199170124482
meka.classifiers.multilabel.meta.BaggingML -S 1 -I 10 -P 67 -W meka.classifiers.multilabel.MULANedit -- -S BPMLLwD3 -W weka.classifiers.trees.J48 -- -C 0.25 -M 2	Yeast: -C 14 -split-number 1500	4	10	0.4609367955426521	0.6765995961776313	0.5459938747283145	0.37078810998602035	757.023	0.0	0.13278008298755184	0.6649503101785259	0.35944013705274186	0.6736007924715206	0.19531713100177844	0.8046828689982215	0.755541209179142	0.4540061252716855	0.5459938747283145	4.244813278008299	4.132780082987552	4.248621323529412	0.18524007113218743	0.5330820988518692	0.5307498105163542	241.0	241	2176.0	0.26141078838174275	0.15683211851706222	0.277	757.3	0.8672199170124482
meka.classifiers.multilabel.meta.BaggingML -S 1 -I 10 -P 67 -W meka.classifiers.multilabel.MULANedit -- -S BPMLLwD3 -W weka.classifiers.trees.J48 -- -C 0.25 -M 2	Yeast: -C 14 -split-number 1500	5	1	0.4451870264327142	0.6766559900795979	0.5243932834841923	0.3683261829642437	764.054	0.0	0.12809917355371903	0.6383203343947146	0.34041275746687205	0.6574257425742575	0.2042502951593862	0.7957497048406138	0.7205887396575967	0.47560671651580766	0.5243932834841923	4.24793388429752	4.099173553719008	4.2524137931034485	0.19362455726092098	0.536592865453436	0.5346747215280668	242.0	242	2175.0	0.26859504132231404	0.1741945046623323	0.366	764.42	0.871900826446281
meka.classifiers.multilabel.meta.BaggingML -S 1 -I 10 -P 67 -W meka.classifiers.multilabel.MULANedit -- -S BPMLLwD3 -W weka.classifiers.trees.J48 -- -C 0.25 -M 2	Yeast: -C 14 -split-number 1500	5	2	0.4542981902535365	0.6529729239337015	0.5238619965892691	0.408415696748046	758.458	0.0	0.16115702479338845	0.6367451189765239	0.3480983391387364	0.6483357452966715	0.2151711924439196	0.7848288075560804	0.7062967618540847	0.47613800341073087	0.5238619965892691	4.223140495867769	4.3429752066115705	4.225287356321839	0.20602125147579692	0.539109627204635	0.5376176480781596	242.0	242	2175.0	0.22727272727272727	0.1869426921301183	0.363	758.821	0.8388429752066116
meka.classifiers.multilabel.meta.BaggingML -S 1 -I 10 -P 67 -W meka.classifiers.multilabel.MULANedit -- -S BPMLLwD3 -W weka.classifiers.trees.J48 -- -C 0.25 -M 2	Yeast: -C 14 -split-number 1500	5	3	0.45402327273438065	0.6326412068789052	0.5470975993703265	0.3865605604876559	764.282	0.0	0.15702479338842978	0.6616473746639036	0.36185931091374657	0.6734397677793904	0.199232585596222	0.800767414403778	0.7388188872844225	0.45290240062967346	0.5470975993703265	4.223140495867769	4.318181818181818	4.228045977011495	0.19155844155844162	0.5218747708333907	0.5206205928484631	242.0	242	2175.0	0.21487603305785125	0.1569198691247098	0.314	764.596	0.8429752066115702
meka.classifiers.multilabel.meta.BaggingML -S 1 -I 10 -P 67 -W meka.classifiers.multilabel.MULANedit -- -S BPMLLwD3 -W weka.classifiers.trees.J48 -- -C 0.25 -M 2	Yeast: -C 14 -split-number 1500	5	4	0.46661972755236913	0.6748145194450081	0.5236143906598449	0.39082339722712595	760.495	0.0	0.13636363636363635	0.6367997704774564	0.3544110114903995	0.6524891251812469	0.21221959858323494	0.7877804014167651	0.7104283312978829	0.47638560934015506	0.5236143906598449	4.223140495867769	4.3264462809917354	4.227126436781609	0.20484061393152295	0.5363518019739376	0.5342639630410267	242.0	242	2175.0	0.256198347107438	0.1733560115274992	0.37	760.865	0.8636363636363636
meka.classifiers.multilabel.meta.BaggingML -S 1 -I 10 -P 67 -W meka.classifiers.multilabel.MULANedit -- -S BPMLLwD3 -W weka.classifiers.trees.J48 -- -C 0.25 -M 2	Yeast: -C 14 -split-number 1500	5	5	0.42602409270378466	0.6513011813209459	0.47455099996422306	0.3766280362017765	762.304	0.0	0.0950413223140496	0.5928136372351247	0.32114523020368085	0.6090000000000001	0.230814639905549	0.7691853600944509	0.6876486635818756	0.525449000035777	0.47455099996422306	4.260330578512397	4.0041322314049586	4.262988505747127	0.22284533648170018	0.5688765241841801	0.5667954946969187	242.0	242	2175.0	0.2975206611570248	0.19550471091940974	0.284	762.588	0.9049586776859504
meka.classifiers.multilabel.meta.BaggingML -S 1 -I 10 -P 67 -W meka.classifiers.multilabel.MULANedit -- -S BPMLLwD3 -W weka.classifiers.trees.J48 -- -C 0.25 -M 2	Yeast: -C 14 -split-number 1500	5	6	0.4503087232328316	0.6638906631164885	0.5129597331043609	0.3747551490235561	764.343	0.0	0.1322314049586777	0.6300687604406611	0.3450177693571635	0.6449732880038854	0.2157615112160565	0.7842384887839435	0.7082040889089317	0.48704026689563906	0.5129597331043609	4.2272727272727275	4.2809917355371905	4.232183908045977	0.2069067296340022	0.5375966724791245	0.5352195799790836	242.0	242	2175.0	0.2190082644628099	0.17432854270221446	0.341	764.684	0.8677685950413223
meka.classifiers.multilabel.meta.BaggingML -S 1 -I 10 -P 67 -W meka.classifiers.multilabel.MULANedit -- -S BPMLLwD3 -W weka.classifiers.trees.J48 -- -C 0.25 -M 2	Yeast: -C 14 -split-number 1500	5	7	0.46764096128465793	0.6520334485750607	0.5273793126065851	0.39671777504274536	765.926	0.0	0.18595041322314054	0.6323000232091139	0.35340599421795604	0.6472303206997084	0.21428571428571433	0.7857142857142857	0.7007675880539885	0.4726206873934149	0.5273793126065851	4.2272727272727275	4.276859504132231	4.23264367816092	0.2077922077922078	0.5459243420506816	0.5439370475835901	242.0	242	2175.0	0.25206611570247933	0.19289929210236165	0.308	766.234	0.8140495867768595
meka.classifiers.multilabel.meta.BaggingML -S 1 -I 10 -P 67 -W meka.classifiers.multilabel.MULANedit -- -S BPMLLwD3 -W weka.classifiers.trees.J48 -- -C 0.25 -M 2	Yeast: -C 14 -split-number 1500	5	8	0.4418401252262834	0.6698739409545371	0.5199219521833628	0.3829747993787955	751.722	0.0	0.12448132780082988	0.6420253098676337	0.34768661015949665	0.649805447470817	0.21339656194428	0.78660343805572	0.7240219349943124	0.4800780478166372	0.5199219521833628	4.224066390041494	4.3070539419087135	4.229319852941177	0.206283343212804	0.5380830763902774	0.535857376502784	241.0	241	2176.0	0.25311203319502074	0.17264393875241532	0.368	752.09	0.8755186721991701
meka.classifiers.multilabel.meta.BaggingML -S 1 -I 10 -P 67 -W meka.classifiers.multilabel.MULANedit -- -S BPMLLwD3 -W weka.classifiers.trees.J48 -- -C 0.25 -M 2	Yeast: -C 14 -split-number 1500	5	9	0.42917698090314865	0.6439117960120816	0.5220542712243957	0.3859959841681584	759.807	0.0	0.12863070539419086	0.6345137803644031	0.34595393729203966	0.651389566065334	0.21191464137522234	0.7880853586247777	0.7079314712890102	0.47794572877560426	0.5220542712243957	4.228215767634855	4.282157676348548	4.232077205882353	0.2039122703023119	0.5402180829201282	0.5380792144500859	241.0	241	2176.0	0.22821576763485477	0.17775997713016084	0.377	760.184	0.8713692946058091
meka.classifiers.multilabel.meta.BaggingML -S 1 -I 10 -P 67 -W meka.classifiers.multilabel.MULANedit -- -S BPMLLwD3 -W weka.classifiers.trees.J48 -- -C 0.25 -M 2	Yeast: -C 14 -split-number 1500	5	10	0.45828502457279424	0.6733214423912716	0.5420157412896001	0.3640849890712812	769.678	0.0	0.13278008298755184	0.6602797847611125	0.35310474111337203	0.6686478454680534	0.1982809721398935	0.8017190278601065	0.7508946463273282	0.45798425871039994	0.5420157412896001	4.244813278008299	4.132780082987552	4.248621323529412	0.18761114404267942	0.535527775721272	0.5330710709794914	241.0	241	2176.0	0.26141078838174275	0.15703782320557658	0.269	769.947	0.8672199170124482
meka.classifiers.multilabel.meta.BaggingML -S 1 -I 10 -P 67 -W meka.classifiers.multilabel.MULANedit -- -S BPMLLwD3 -W weka.classifiers.trees.J48 -- -C 0.25 -M 2	Yeast: -C 14 -split-number 1500	6	1	0.44353867993874435	0.670900563705833	0.5254509379509379	0.3705892749653817	774.678	0.0	0.14049586776859502	0.6382338735644522	0.3417339163519831	0.6564356435643565	0.20484061393152317	0.7951593860684768	0.7200896249269538	0.4745490620490621	0.5254509379509379	4.24793388429752	4.099173553719008	4.2524137931034485	0.19391971664698948	0.5356090148281701	0.5337006678769689	242.0	242	2175.0	0.26859504132231404	0.1735740949657715	0.373	775.051	0.859504132231405
meka.classifiers.multilabel.meta.BaggingML -S 1 -I 10 -P 67 -W meka.classifiers.multilabel.MULANedit -- -S BPMLLwD3 -W weka.classifiers.trees.J48 -- -C 0.25 -M 2	Yeast: -C 14 -split-number 1500	6	2	0.4578629070149976	0.6555672243978042	0.5260560146923782	0.40550335312289254	774.176	0.0	0.16942148760330578	0.6388324026753777	0.3494835389418272	0.6502653159671974	0.21399055489964577	0.7860094451003542	0.7083296552537182	0.47394398530762183	0.5260560146923782	4.223140495867769	4.3429752066115705	4.225287356321839	0.20484061393152309	0.5383723615557853	0.5370190409192024	242.0	242	2175.0	0.22727272727272727	0.18681675958830615	0.33	774.506	0.8305785123966942
meka.classifiers.multilabel.meta.BaggingML -S 1 -I 10 -P 67 -W meka.classifiers.multilabel.MULANedit -- -S BPMLLwD3 -W weka.classifiers.trees.J48 -- -C 0.25 -M 2	Yeast: -C 14 -split-number 1500	6	3	0.45339412196484324	0.6335838353839424	0.5447264856355765	0.3855423848310504	777.436	0.0	0.15702479338842978	0.6593338250363043	0.3596248611648624	0.671504596032898	0.2004132231404959	0.7995867768595041	0.7356824741974883	0.45527351436442354	0.5447264856355765	4.223140495867769	4.318181818181818	4.228045977011495	0.19303423848878398	0.5230806487491284	0.5218325316924621	242.0	242	2175.0	0.2190082644628099	0.1584828296457578	0.338	777.774	0.8429752066115702
meka.classifiers.multilabel.meta.BaggingML -S 1 -I 10 -P 67 -W meka.classifiers.multilabel.MULANedit -- -S BPMLLwD3 -W weka.classifiers.trees.J48 -- -C 0.25 -M 2	Yeast: -C 14 -split-number 1500	6	4	0.46418427837021914	0.6714724362581773	0.5213170667716119	0.39012351632727454	778.365	0.0	0.12809917355371903	0.6355867043883573	0.3490573896168064	0.6505558240695989	0.2134002361275088	0.7865997638724912	0.7103134829151388	0.47868293322838806	0.5213170667716119	4.223140495867769	4.3264462809917354	4.227126436781609	0.20543093270365992	0.5377520782477498	0.5356129159082289	242.0	242	2175.0	0.256198347107438	0.17414640406818688	0.424	778.789	0.871900826446281
meka.classifiers.multilabel.meta.BaggingML -S 1 -I 10 -P 67 -W meka.classifiers.multilabel.MULANedit -- -S BPMLLwD3 -W weka.classifiers.trees.J48 -- -C 0.25 -M 2	Yeast: -C 14 -split-number 1500	6	5	0.4246627825155538	0.6503003124773643	0.4828171025485075	0.3743135195277559	778.972	0.0	0.1074380165289256	0.5997087393781606	0.3307716709555911	0.615	0.22727272727272732	0.7727272727272727	0.6941315107305911	0.5171828974514925	0.4828171025485075	4.260330578512397	4.0041322314049586	4.262988505747127	0.21900826446280997	0.5693954427723339	0.5671507783886887	242.0	242	2175.0	0.30165289256198347	0.1953073523616616	0.324	779.296	0.8925619834710744
meka.classifiers.multilabel.meta.BaggingML -S 1 -I 10 -P 67 -W meka.classifiers.multilabel.MULANedit -- -S BPMLLwD3 -W weka.classifiers.trees.J48 -- -C 0.25 -M 2	Yeast: -C 14 -split-number 1500	6	6	0.45090373565588815	0.6643038628750003	0.51251043492779	0.3703406081007506	781.298	0.0	0.1322314049586777	0.6284307749183783	0.3421936824410385	0.6440019426906265	0.21635182998819347	0.7836481700118065	0.705426370890707	0.48748956507221	0.51251043492779	4.2272727272727275	4.2809917355371905	4.232183908045977	0.20779220779220764	0.5388540974813528	0.5363417509687922	242.0	242	2175.0	0.2190082644628099	0.17366749002669893	0.325	781.623	0.8677685950413223
meka.classifiers.multilabel.meta.BaggingML -S 1 -I 10 -P 67 -W meka.classifiers.multilabel.MULANedit -- -S BPMLLwD3 -W weka.classifiers.trees.J48 -- -C 0.25 -M 2	Yeast: -C 14 -split-number 1500	6	7	0.46535677727322416	0.6523290455606381	0.5210219073855437	0.39390626565102654	776.641	0.0	0.17355371900826444	0.6277492250632746	0.35224055096075835	0.6433430515063169	0.2166469893742622	0.7833530106257378	0.6976894216215069	0.47897809261445634	0.5210219073855437	4.2272727272727275	4.276859504132231	4.23264367816092	0.20985832349468722	0.5461152488627464	0.5443876617907527	242.0	242	2175.0	0.25206611570247933	0.1923392133250456	0.323	776.964	0.8264462809917356
meka.classifiers.multilabel.meta.BaggingML -S 1 -I 10 -P 67 -W meka.classifiers.multilabel.MULANedit -- -S BPMLLwD3 -W weka.classifiers.trees.J48 -- -C 0.25 -M 2	Yeast: -C 14 -split-number 1500	6	8	0.44255723856508133	0.6690374604525051	0.5191003095567409	0.3844158655575618	779.404	0.0	0.12448132780082988	0.6411343612588428	0.3430817741090186	0.6478599221789882	0.21458209839952602	0.785417901600474	0.7229108881268205	0.4808996904432591	0.5191003095567409	4.224066390041494	4.3070539419087135	4.229319852941177	0.20717249555423847	0.5391068875900785	0.5368819807469194	241.0	241	2176.0	0.25311203319502074	0.17329811152425256	0.34	779.744	0.8755186721991701
meka.classifiers.multilabel.meta.BaggingML -S 1 -I 10 -P 67 -W meka.classifiers.multilabel.MULANedit -- -S BPMLLwD3 -W weka.classifiers.trees.J48 -- -C 0.25 -M 2	Yeast: -C 14 -split-number 1500	6	9	0.4280363333629838	0.6424259908161968	0.5208259237304884	0.38712260430152134	774.013	0.0	0.13278008298755184	0.6330710782992943	0.3446386661182816	0.6504144319843979	0.2125074096028453	0.7874925903971547	0.7066941312322016	0.4791740762695116	0.5208259237304884	4.228215767634855	4.282157676348548	4.232077205882353	0.20420865441612335	0.5394093034041239	0.5374690024544891	241.0	241	2176.0	0.22821576763485477	0.17857137675602397	0.403	774.416	0.8672199170124482
meka.classifiers.multilabel.meta.BaggingML -S 1 -I 10 -P 67 -W meka.classifiers.multilabel.MULANedit -- -S BPMLLwD3 -W weka.classifiers.trees.J48 -- -C 0.25 -M 2	Yeast: -C 14 -split-number 1500	6	10	0.4607574985722939	0.67617608259777	0.543922479088454	0.36549873380971465	774.189	0.0	0.13278008298755184	0.6628505427260615	0.35874526477976454	0.6716196136701338	0.1965026674570245	0.8034973325429755	0.7535334328178351	0.45607752091154596	0.543922479088454	4.244813278008299	4.132780082987552	4.248621323529412	0.18583283935981046	0.5345800300445593	0.5319216959418691	241.0	241	2176.0	0.26141078838174275	0.15807988280572755	0.347	774.536	0.8672199170124482
meka.classifiers.multilabel.meta.BaggingML -S 1 -I 10 -P 67 -W meka.classifiers.multilabel.MULANedit -- -S BPMLLwD3 -W weka.classifiers.trees.J48 -- -C 0.25 -M 2	Yeast: -C 14 -split-number 1500	7	1	0.44509293310663967	0.6695642547008284	0.5215105601469237	0.37582279498454213	768.945	0.0	0.1322314049586777	0.6348341740903726	0.3393152152457929	0.6544554455445545	0.20602125147579706	0.7939787485242029	0.7173005853594564	0.47848943985307635	0.5215105601469237	4.24793388429752	4.099173553719008	4.2524137931034485	0.1956906729634003	0.537540089697775	0.5356079556315193	242.0	242	2175.0	0.26859504132231404	0.17455607491026612	0.421	769.366	0.8677685950413223
meka.classifiers.multilabel.meta.BaggingML -S 1 -I 10 -P 67 -W meka.classifiers.multilabel.MULANedit -- -S BPMLLwD3 -W weka.classifiers.trees.J48 -- -C 0.25 -M 2	Yeast: -C 14 -split-number 1500	7	2	0.45854311969225137	0.6555430397342309	0.5276990686081593	0.4081632705208558	768.289	0.0	0.1652892561983471	0.6401021843170601	0.3517319388535273	0.6521948866377231	0.21280991735537183	0.7871900826446282	0.7092097857185324	0.4723009313918407	0.5276990686081593	4.223140495867769	4.3429752066115705	4.225287356321839	0.2045454545454545	0.5390345658542515	0.5375518706391582	242.0	242	2175.0	0.2231404958677686	0.18783776403315947	0.306	768.595	0.8347107438016529
meka.classifiers.multilabel.meta.BaggingML -S 1 -I 10 -P 67 -W meka.classifiers.multilabel.MULANedit -- -S BPMLLwD3 -W weka.classifiers.trees.J48 -- -C 0.25 -M 2	Yeast: -C 14 -split-number 1500	7	3	0.4550195636225135	0.6396484025421022	0.5478797717434082	0.38538339415405504	769.019	0.0	0.15702479338842978	0.662052433333425	0.36711800866668265	0.6744073536526368	0.19864226682408506	0.801357733175915	0.7378622820092549	0.4521202282565918	0.5478797717434082	4.223140495867769	4.318181818181818	4.228045977011495	0.19185360094451015	0.5206170974994492	0.5192369729821822	242.0	242	2175.0	0.21487603305785125	0.1557462698327517	0.306	769.325	0.8429752066115702
meka.classifiers.multilabel.meta.BaggingML -S 1 -I 10 -P 67 -W meka.classifiers.multilabel.MULANedit -- -S BPMLLwD3 -W weka.classifiers.trees.J48 -- -C 0.25 -M 2	Yeast: -C 14 -split-number 1500	7	4	0.46279370861305286	0.6713362274452433	0.5233700642791549	0.38708472515758	767.489	0.0	0.13636363636363635	0.6380723041880065	0.3488446135490371	0.6515224746254229	0.21280991735537194	0.7871900826446281	0.7148099771977237	0.4766299357208451	0.5233700642791549	4.223140495867769	4.3264462809917354	4.227126436781609	0.20543093270365997	0.5374350048969778	0.5354674484944518	242.0	242	2175.0	0.256198347107438	0.17432124234810184	0.258	767.747	0.8636363636363636
meka.classifiers.multilabel.meta.BaggingML -S 1 -I 10 -P 67 -W meka.classifiers.multilabel.MULANedit -- -S BPMLLwD3 -W weka.classifiers.trees.J48 -- -C 0.25 -M 2	Yeast: -C 14 -split-number 1500	7	5	0.4196785632944805	0.6502626885132449	0.4742607599012557	0.3766553231830187	766.123	0.0	0.09917355371900827	0.5923795442390482	0.3233117110412859	0.6090000000000001	0.230814639905549	0.7691853600944509	0.6871915027639082	0.5257392400987443	0.4742607599012557	4.260330578512397	4.0041322314049586	4.262988505747127	0.22314049586776863	0.5715581228035651	0.568701387661911	242.0	242	2175.0	0.2975206611570248	0.19610510259123	0.298	766.421	0.9008264462809917
meka.classifiers.multilabel.meta.BaggingML -S 1 -I 10 -P 67 -W meka.classifiers.multilabel.MULANedit -- -S BPMLLwD3 -W weka.classifiers.trees.J48 -- -C 0.25 -M 2	Yeast: -C 14 -split-number 1500	7	6	0.44957126880391657	0.6623340802390978	0.507871513243414	0.3727339407781743	756.23	0.0	0.12809917355371903	0.6255540143969894	0.33899733324526377	0.6410879067508498	0.21812278630460427	0.7818772136953958	0.7059489694347785	0.49212848675658605	0.507871513243414	4.2272727272727275	4.2809917355371905	4.232183908045977	0.20985832349468692	0.5406694386846789	0.5379757240292773	242.0	242	2175.0	0.2190082644628099	0.1743526814586437	0.326	756.556	0.871900826446281
meka.classifiers.multilabel.meta.BaggingML -S 1 -I 10 -P 67 -W meka.classifiers.multilabel.MULANedit -- -S BPMLLwD3 -W weka.classifiers.trees.J48 -- -C 0.25 -M 2	Yeast: -C 14 -split-number 1500	7	7	0.46348706022686487	0.6503345842983332	0.5248556998556997	0.3938021151336528	765.078	0.0	0.16942148760330578	0.6313820706382689	0.354838449677263	0.6462585034013605	0.21487603305785122	0.7851239669421488	0.7006527983706579	0.4751443001443003	0.5248556998556997	4.2272727272727275	4.276859504132231	4.23264367816092	0.20838252656434472	0.5483547882099166	0.5461546575812706	242.0	242	2175.0	0.25206611570247933	0.1925740524397548	0.242	765.32	0.8305785123966942
meka.classifiers.multilabel.meta.BaggingML -S 1 -I 10 -P 67 -W meka.classifiers.multilabel.MULANedit -- -S BPMLLwD3 -W weka.classifiers.trees.J48 -- -C 0.25 -M 2	Yeast: -C 14 -split-number 1500	7	8	0.4423604976447656	0.6675062870933305	0.5198033985378382	0.38477558591580036	756.549	0.0	0.12448132780082988	0.64124662796862	0.3463579487110347	0.6488326848249026	0.21398933017190294	0.7860106698280971	0.7216445172415507	0.4801966014621618	0.5198033985378382	4.224066390041494	4.3070539419087135	4.229319852941177	0.20628334321280395	0.539508665508747	0.5373264663810842	241.0	241	2176.0	0.25311203319502074	0.17352568149100456	0.455	757.004	0.8755186721991701
meka.classifiers.multilabel.meta.BaggingML -S 1 -I 10 -P 67 -W meka.classifiers.multilabel.MULANedit -- -S BPMLLwD3 -W weka.classifiers.trees.J48 -- -C 0.25 -M 2	Yeast: -C 14 -split-number 1500	7	9	0.42897672046951607	0.6453707544953003	0.5201574128960023	0.3863746248528157	759.137	0.0	0.13278008298755184	0.6317026219515848	0.3429017493581958	0.6484641638225256	0.21369294605809133	0.7863070539419087	0.70514027879833	0.47984258710399774	0.5201574128960023	4.228215767634855	4.282157676348548	4.232077205882353	0.2048014226437464	0.5390133427321618	0.5368955953752385	241.0	241	2176.0	0.22821576763485477	0.17715086073118072	0.348	759.485	0.8672199170124482
meka.classifiers.multilabel.meta.BaggingML -S 1 -I 10 -P 67 -W meka.classifiers.multilabel.MULANedit -- -S BPMLLwD3 -W weka.classifiers.trees.J48 -- -C 0.25 -M 2	Yeast: -C 14 -split-number 1500	7	10	0.4581964586381106	0.675923978353791	0.5412286768095897	0.36513005991406977	760.961	0.0	0.13278008298755184	0.6605066441166025	0.3516264721853299	0.6686478454680534	0.19828097213989346	0.8017190278601065	0.751749524453264	0.45877132319041025	0.5412286768095897	4.244813278008299	4.132780082987552	4.248621323529412	0.18731475992886795	0.5331176271420585	0.5309314382893293	241.0	241	2176.0	0.26141078838174275	0.15796095493783696	0.355	761.316	0.8672199170124482
meka.classifiers.multilabel.meta.BaggingML -S 1 -I 10 -P 67 -W meka.classifiers.multilabel.MULANedit -- -S BPMLLwD3 -W weka.classifiers.trees.J48 -- -C 0.25 -M 2	Yeast: -C 14 -split-number 1500	8	1	0.44739121878840926	0.6745848205248723	0.5208661288206741	0.37261993054717374	771.884	0.0	0.1322314049586777	0.6351183022670629	0.3376418586689807	0.6544554455445545	0.20602125147579708	0.7939787485242029	0.7179850817151674	0.47913387117932593	0.5208661288206741	4.24793388429752	4.099173553719008	4.2524137931034485	0.19569067296340031	0.5386984513113843	0.5372047438312297	242.0	242	2175.0	0.26859504132231404	0.17435168874808776	0.245	772.129	0.8677685950413223
meka.classifiers.multilabel.meta.BaggingML -S 1 -I 10 -P 67 -W meka.classifiers.multilabel.MULANedit -- -S BPMLLwD3 -W weka.classifiers.trees.J48 -- -C 0.25 -M 2	Yeast: -C 14 -split-number 1500	8	2	0.45495284916972223	0.6527893351092653	0.52778761642398	0.41088644168263394	769.486	0.0	0.1652892561983471	0.6394838403102864	0.35218017532117013	0.6521948866377231	0.21280991735537186	0.7871900826446281	0.7075824443043239	0.47221238357602	0.52778761642398	4.223140495867769	4.3429752066115705	4.225287356321839	0.20425029515938609	0.5406661433403295	0.5392457049118885	242.0	242	2175.0	0.22727272727272727	0.18746647226576382	0.331	769.817	0.8347107438016529
meka.classifiers.multilabel.meta.BaggingML -S 1 -I 10 -P 67 -W meka.classifiers.multilabel.MULANedit -- -S BPMLLwD3 -W weka.classifiers.trees.J48 -- -C 0.25 -M 2	Yeast: -C 14 -split-number 1500	8	3	0.45401813956479414	0.6339900578973208	0.5425127902400628	0.3844596616925423	770.341	0.0	0.15289256198347112	0.6581039025253899	0.3574565264212114	0.6695694242864054	0.2015938606847698	0.7984061393152302	0.7361802223419761	0.4574872097599372	0.5425127902400628	4.223140495867769	4.318181818181818	4.228045977011495	0.19421487603305784	0.5213945372604325	0.5200467601280027	242.0	242	2175.0	0.21487603305785125	0.15633974037899673	0.261	770.602	0.8471074380165289
meka.classifiers.multilabel.meta.BaggingML -S 1 -I 10 -P 67 -W meka.classifiers.multilabel.MULANedit -- -S BPMLLwD3 -W weka.classifiers.trees.J48 -- -C 0.25 -M 2	Yeast: -C 14 -split-number 1500	8	4	0.46571400393478196	0.6737156567212221	0.5218434343434342	0.38709442680098916	768.008	0.0	0.14049586776859502	0.6360539598142904	0.346906968688411	0.6495891735137748	0.2139905548996457	0.7860094451003543	0.7124722078353487	0.47815656565656584	0.5218434343434342	4.223140495867769	4.3264462809917354	4.227126436781609	0.20631641086186528	0.5370475015695133	0.5350868172464595	242.0	242	2175.0	0.256198347107438	0.1748783290695924	0.334	768.342	0.859504132231405
meka.classifiers.multilabel.meta.BaggingML -S 1 -I 10 -P 67 -W meka.classifiers.multilabel.MULANedit -- -S BPMLLwD3 -W weka.classifiers.trees.J48 -- -C 0.25 -M 2	Yeast: -C 14 -split-number 1500	8	5	0.42111398856681365	0.6485402724252756	0.47700574219169267	0.37569617319236054	768.072	0.0	0.0950413223140496	0.5946284202482547	0.32162921509589937	0.6100000000000001	0.23022432113341207	0.7697756788665879	0.6884840912302679	0.5229942578083073	0.47700574219169267	4.260330578512397	4.0041322314049586	4.262988505747127	0.2225501770956317	0.5706336912028309	0.568602852154342	242.0	242	2175.0	0.30165289256198347	0.19644091560413865	0.312	768.384	0.9049586776859504
meka.classifiers.multilabel.meta.BaggingML -S 1 -I 10 -P 67 -W meka.classifiers.multilabel.MULANedit -- -S BPMLLwD3 -W weka.classifiers.trees.J48 -- -C 0.25 -M 2	Yeast: -C 14 -split-number 1500	8	6	0.4466787755016449	0.6600829324851666	0.5111231858132681	0.371917519481381	764.156	0.0	0.1322314049586777	0.6280674100922036	0.3448975418771448	0.6440019426906265	0.21635182998819344	0.7836481700118065	0.7067626785230114	0.4888768141867319	0.5111231858132681	4.2272727272727275	4.2809917355371905	4.232183908045977	0.20749704840613914	0.5399648189303061	0.5375634422224286	242.0	242	2175.0	0.2190082644628099	0.1739027976483703	0.35	764.506	0.8677685950413223
meka.classifiers.multilabel.meta.BaggingML -S 1 -I 10 -P 67 -W meka.classifiers.multilabel.MULANedit -- -S BPMLLwD3 -W weka.classifiers.trees.J48 -- -C 0.25 -M 2	Yeast: -C 14 -split-number 1500	8	7	0.46480216727155677	0.6514272265266954	0.5226649613013247	0.39414338075126143	763.445	0.0	0.1652892561983471	0.630302800963958	0.3542538599805865	0.6443148688046647	0.21605667060212524	0.7839433293978748	0.700892518775455	0.47733503869867533	0.5226649613013247	4.2272727272727275	4.276859504132231	4.23264367816092	0.20926800472255025	0.5456633215927508	0.5439850929457685	242.0	242	2175.0	0.25206611570247933	0.19349303949362973	0.351	763.796	0.8347107438016529
meka.classifiers.multilabel.meta.BaggingML -S 1 -I 10 -P 67 -W meka.classifiers.multilabel.MULANedit -- -S BPMLLwD3 -W weka.classifiers.trees.J48 -- -C 0.25 -M 2	Yeast: -C 14 -split-number 1500	8	8	0.44233395497485656	0.6678706775326059	0.5185009550154777	0.38268991636569677	766.046	0.0	0.11618257261410792	0.6413621878352171	0.3453357626550545	0.6488326848249026	0.21398933017190302	0.786010669828097	0.7233582979429019	0.48149904498452234	0.5185009550154777	4.224066390041494	4.3070539419087135	4.229319852941177	0.20687611144042703	0.5389863660679343	0.536861788310483	241.0	241	2176.0	0.25311203319502074	0.17447776734231982	0.31	766.356	0.8838174273858921
meka.classifiers.multilabel.meta.BaggingML -S 1 -I 10 -P 67 -W meka.classifiers.multilabel.MULANedit -- -S BPMLLwD3 -W weka.classifiers.trees.J48 -- -C 0.25 -M 2	Yeast: -C 14 -split-number 1500	8	9	0.42767795692674276	0.6432368676650427	0.5210103405124153	0.3870650938083262	757.472	0.0	0.12863070539419086	0.6326148263907602	0.34293548134922464	0.6494392979034618	0.21310017783046833	0.7868998221695317	0.706352547046995	0.47898965948758465	0.5210103405124153	4.228215767634855	4.282157676348548	4.232077205882353	0.2048014226437464	0.5380243101382611	0.5361505871699341	241.0	241	2176.0	0.22821576763485477	0.17851198232051815	0.298	757.77	0.8713692946058091
meka.classifiers.multilabel.meta.BaggingML -S 1 -I 10 -P 67 -W meka.classifiers.multilabel.MULANedit -- -S BPMLLwD3 -W weka.classifiers.trees.J48 -- -C 0.25 -M 2	Yeast: -C 14 -split-number 1500	8	10	0.46181825202655596	0.6772593925836025	0.5441353367701914	0.3683393160797575	765.326	0.0	0.13278008298755184	0.6629454685471282	0.3593698195557976	0.6716196136701338	0.1965026674570245	0.8034973325429755	0.7538330585947498	0.45586466322980856	0.5441353367701914	4.244813278008299	4.132780082987552	4.248621323529412	0.18612922347362196	0.5356423841182052	0.5331241640171966	241.0	241	2176.0	0.26141078838174275	0.15659302250143978	0.28	765.606	0.8672199170124482
meka.classifiers.multilabel.meta.BaggingML -S 1 -I 10 -P 67 -W meka.classifiers.multilabel.MULANedit -- -S BPMLLwD3 -W weka.classifiers.trees.J48 -- -C 0.25 -M 2	Yeast: -C 14 -split-number 1500	9	1	0.44755076530108384	0.6734490275014213	0.5255394857667582	0.3735017760017758	763.051	0.0	0.14049586776859502	0.6384533051888425	0.3410024668308226	0.6574257425742575	0.2042502951593862	0.7957497048406138	0.720793352570926	0.47446051423324176	0.5255394857667582	4.24793388429752	4.099173553719008	4.2524137931034485	0.19391971664698945	0.5377752700376713	0.5356271568976884	242.0	242	2175.0	0.26859504132231404	0.1743878809109033	0.278	763.329	0.859504132231405
meka.classifiers.multilabel.meta.BaggingML -S 1 -I 10 -P 67 -W meka.classifiers.multilabel.MULANedit -- -S BPMLLwD3 -W weka.classifiers.trees.J48 -- -C 0.25 -M 2	Yeast: -C 14 -split-number 1500	9	2	0.4564253181992748	0.6545532368308634	0.5246048143775415	0.40801760425284606	754.085	0.0	0.16115702479338845	0.6371155474461258	0.34869473268241125	0.6493005306319345	0.2145808736717827	0.7854191263282173	0.7057420148259411	0.4753951856224585	0.5246048143775415	4.223140495867769	4.3429752066115705	4.225287356321839	0.20602125147579695	0.5382108863642412	0.5367493303666988	242.0	242	2175.0	0.22727272727272727	0.1859942956164915	0.347	754.432	0.8388429752066116
meka.classifiers.multilabel.meta.BaggingML -S 1 -I 10 -P 67 -W meka.classifiers.multilabel.MULANedit -- -S BPMLLwD3 -W weka.classifiers.trees.J48 -- -C 0.25 -M 2	Yeast: -C 14 -split-number 1500	9	3	0.4522020417187228	0.6368437990709511	0.5467696444969172	0.38671165575755273	754.623	0.0	0.15289256198347112	0.661031140576595	0.36383675309957003	0.6744073536526368	0.198642266824085	0.801357733175915	0.7371677670424553	0.45323035550308277	0.5467696444969172	4.223140495867769	4.318181818181818	4.228045977011495	0.1912632821723731	0.5201845575957578	0.5187238610066391	242.0	242	2175.0	0.21487603305785125	0.15684270389848914	0.378	755.001	0.8471074380165289
meka.classifiers.multilabel.meta.BaggingML -S 1 -I 10 -P 67 -W meka.classifiers.multilabel.MULANedit -- -S BPMLLwD3 -W weka.classifiers.trees.J48 -- -C 0.25 -M 2	Yeast: -C 14 -split-number 1500	9	4	0.46373238023745644	0.6734621348846356	0.5203528794437883	0.3842766392385143	754.357	0.0	0.1322314049586777	0.6350080819089083	0.34432742423939894	0.6486225229579506	0.21458087367178266	0.7854191263282173	0.7117569781160278	0.4796471205562117	0.5203528794437883	4.223140495867769	4.3264462809917354	4.227126436781609	0.2072018890200707	0.5372038078060007	0.5352956672245807	242.0	242	2175.0	0.256198347107438	0.17358604844584777	0.423	754.78	0.8677685950413223
meka.classifiers.multilabel.meta.BaggingML -S 1 -I 10 -P 67 -W meka.classifiers.multilabel.MULANedit -- -S BPMLLwD3 -W weka.classifiers.trees.J48 -- -C 0.25 -M 2	Yeast: -C 14 -split-number 1500	9	5	0.42277091214659956	0.648603008793163	0.4794358878036563	0.3749287712111155	762.057	0.0	0.10330578512396693	0.5957697032077195	0.3282214800567655	0.6120000000000001	0.2290436835891382	0.7709563164108618	0.688843796513523	0.5205641121963437	0.4794358878036563	4.260330578512397	4.0041322314049586	4.262988505747127	0.22166469893742627	0.5705500110777129	0.5686246457687774	242.0	242	2175.0	0.30165289256198347	0.19561773822399553	0.278	762.335	0.8966942148760331
meka.classifiers.multilabel.meta.BaggingML -S 1 -I 10 -P 67 -W meka.classifiers.multilabel.MULANedit -- -S BPMLLwD3 -W weka.classifiers.trees.J48 -- -C 0.25 -M 2	Yeast: -C 14 -split-number 1500	9	6	0.44948519888334715	0.6641789349698384	0.5139813125350313	0.37049784755551074	759.699	0.0	0.1322314049586777	0.6295962072821576	0.344809563661861	0.6449732880038854	0.2157615112160565	0.7842384887839435	0.7074582227162973	0.4860186874649687	0.5139813125350313	4.2272727272727275	4.2809917355371905	4.232183908045977	0.20690672963400217	0.5377877760543016	0.5351852606418446	242.0	242	2175.0	0.2190082644628099	0.173913562660611	0.302	760.001	0.8677685950413223
meka.classifiers.multilabel.meta.BaggingML -S 1 -I 10 -P 67 -W meka.classifiers.multilabel.MULANedit -- -S BPMLLwD3 -W weka.classifiers.trees.J48 -- -C 0.25 -M 2	Yeast: -C 14 -split-number 1500	9	7	0.4644918686876472	0.653402419780082	0.5255788403515673	0.39253759070797134	757.743	0.0	0.18181818181818177	0.6311492226781481	0.3537145711430143	0.6462585034013605	0.2148760330578513	0.7851239669421487	0.7003424869017961	0.4744211596484327	0.5255788403515673	4.2272727272727275	4.276859504132231	4.23264367816092	0.20808736717827633	0.5461773178215609	0.5441579941705961	242.0	242	2175.0	0.25206611570247933	0.19345143820498004	0.339	758.082	0.8181818181818182
meka.classifiers.multilabel.meta.BaggingML -S 1 -I 10 -P 67 -W meka.classifiers.multilabel.MULANedit -- -S BPMLLwD3 -W weka.classifiers.trees.J48 -- -C 0.25 -M 2	Yeast: -C 14 -split-number 1500	9	8	0.4422843427161366	0.668418744372617	0.5193983402489625	0.3823989884139804	754.218	0.0	0.12448132780082988	0.6415542502679435	0.34462223133619524	0.6488326848249026	0.213989330171903	0.786010669828097	0.7232080417467536	0.4806016597510375	0.5193983402489625	4.224066390041494	4.3070539419087135	4.229319852941177	0.2065797273266155	0.5386799886251797	0.5363999668550796	241.0	241	2176.0	0.25311203319502074	0.1725644432298255	0.362	754.58	0.8755186721991701
meka.classifiers.multilabel.meta.BaggingML -S 1 -I 10 -P 67 -W meka.classifiers.multilabel.MULANedit -- -S BPMLLwD3 -W weka.classifiers.trees.J48 -- -C 0.25 -M 2	Yeast: -C 14 -split-number 1500	9	9	0.4288649912055668	0.6415498446644907	0.5208605018770994	0.3839133543728731	750.058	0.0	0.12863070539419086	0.6330887415949659	0.3443569275461099	0.6504144319843979	0.2125074096028454	0.7874925903971546	0.7069682589161737	0.4791394981229006	0.5208605018770994	4.228215767634855	4.282157676348548	4.232077205882353	0.20391227030231193	0.5405755642330176	0.538415603442773	241.0	241	2176.0	0.22821576763485477	0.17917485103317932	0.356	750.414	0.8713692946058091
meka.classifiers.multilabel.meta.BaggingML -S 1 -I 10 -P 67 -W meka.classifiers.multilabel.MULANedit -- -S BPMLLwD3 -W weka.classifiers.trees.J48 -- -C 0.25 -M 2	Yeast: -C 14 -split-number 1500	9	10	0.46009932646553403	0.6757809737616901	0.5460898253429373	0.36486609343641035	756.517	0.0	0.13278008298755184	0.664704543957656	0.35813073222440045	0.6736007924715206	0.19531713100177847	0.8046828689982215	0.7548357481034881	0.45391017465706274	0.5460898253429373	4.244813278008299	4.132780082987552	4.248621323529412	0.18494368701837594	0.5318876591886369	0.5297234158612122	241.0	241	2176.0	0.26141078838174275	0.1567021885116135	0.265	756.782	0.8672199170124482
meka.classifiers.multilabel.meta.BaggingML -S 1 -I 10 -P 67 -W meka.classifiers.multilabel.MULANedit -- -S BPMLLwD3 -W weka.classifiers.trees.J48 -- -C 0.25 -M 2	Yeast: -C 14 -split-number 1500	10	1	0.4477619199632575	0.6713404279448232	0.520270890725436	0.3735914090145937	739.939	0.0	0.1322314049586777	0.6339913300657103	0.33600103232091	0.6534653465346534	0.20661157024793395	0.793388429752066	0.7170662949494273	0.479729109274564	0.520270890725436	4.24793388429752	4.099173553719008	4.2524137931034485	0.1959858323494687	0.5355406428113243	0.533510237075556	242.0	242	2175.0	0.26859504132231404	0.17498300187940094	0.308	740.247	0.8677685950413223
meka.classifiers.multilabel.meta.BaggingML -S 1 -I 10 -P 67 -W meka.classifiers.multilabel.MULANedit -- -S BPMLLwD3 -W weka.classifiers.trees.J48 -- -C 0.25 -M 2	Yeast: -C 14 -split-number 1500	10	2	0.4542094060655141	0.6525452800026204	0.5255886789977697	0.4092291810030887	751.076	0.0	0.1652892561983471	0.6376648833260402	0.3498976473967739	0.6502653159671974	0.2139905548996458	0.7860094451003542	0.705825116437468	0.47441132100223027	0.5255886789977697	4.223140495867769	4.3429752066115705	4.225287356321839	0.20602125147579692	0.541491310235733	0.5400033024476807	242.0	242	2175.0	0.22727272727272727	0.18781832099423595	0.322	751.398	0.8347107438016529
meka.classifiers.multilabel.meta.BaggingML -S 1 -I 10 -P 67 -W meka.classifiers.multilabel.MULANedit -- -S BPMLLwD3 -W weka.classifiers.trees.J48 -- -C 0.25 -M 2	Yeast: -C 14 -split-number 1500	10	3	0.45259402735125837	0.6389098847261186	0.5427718745900563	0.3858061276309503	750.915	0.0	0.14876033057851235	0.6572625492046977	0.36159024012436347	0.671504596032898	0.20041322314049587	0.7995867768595042	0.7344750964686736	0.45722812540994373	0.5427718745900563	4.223140495867769	4.318181818181818	4.228045977011495	0.1939197166469894	0.5224866441069773	0.5213357566423945	242.0	242	2175.0	0.21487603305785125	0.1573837016649887	0.215	751.13	0.8512396694214877
meka.classifiers.multilabel.meta.BaggingML -S 1 -I 10 -P 67 -W meka.classifiers.multilabel.MULANedit -- -S BPMLLwD3 -W weka.classifiers.trees.J48 -- -C 0.25 -M 2	Yeast: -C 14 -split-number 1500	10	4	0.4641361697115332	0.6730501939523234	0.5200724780270232	0.38943215941469567	749.536	0.0	0.1322314049586777	0.6341978957681436	0.349878414990933	0.6486225229579506	0.21458087367178277	0.7854191263282172	0.7093349264088903	0.47992752197297683	0.5200724780270232	4.223140495867769	4.3264462809917354	4.227126436781609	0.20690672963400233	0.5376295685427084	0.5357067032344217	242.0	242	2175.0	0.256198347107438	0.1752306463050265	0.393	749.929	0.8677685950413223
meka.classifiers.multilabel.meta.BaggingML -S 1 -I 10 -P 67 -W meka.classifiers.multilabel.MULANedit -- -S BPMLLwD3 -W weka.classifiers.trees.J48 -- -C 0.25 -M 2	Yeast: -C 14 -split-number 1500	10	5	0.42210541732605555	0.6461464536883833	0.476080909448678	0.37339648281157495	750.342	0.0	0.09917355371900827	0.5938434155376302	0.3264199489286293	0.6100000000000001	0.23022432113341204	0.7697756788665879	0.6880846187308992	0.523919090551322	0.476080909448678	4.260330578512397	4.0041322314049586	4.262988505747127	0.22255017709563168	0.5702033791599939	0.5680285235234718	242.0	242	2175.0	0.30165289256198347	0.1963995592168554	0.293	750.635	0.9008264462809917
meka.classifiers.multilabel.meta.BaggingML -S 1 -I 10 -P 67 -W meka.classifiers.multilabel.MULANedit -- -S BPMLLwD3 -W weka.classifiers.trees.J48 -- -C 0.25 -M 2	Yeast: -C 14 -split-number 1500	10	6	0.44773787259411885	0.6621670367427089	0.5104623567433482	0.3730912997873926	763.442	0.0	0.12809917355371903	0.626764236681592	0.34164202945294914	0.6420592520641089	0.2175324675324674	0.7824675324675325	0.7042637777660383	0.48953764325665183	0.5104623567433482	4.2272727272727275	4.2809917355371905	4.232183908045977	0.20897284533648158	0.5402433434975393	0.5375948447319009	242.0	242	2175.0	0.2190082644628099	0.1736610374080858	0.281	763.723	0.871900826446281
meka.classifiers.multilabel.meta.BaggingML -S 1 -I 10 -P 67 -W meka.classifiers.multilabel.MULANedit -- -S BPMLLwD3 -W weka.classifiers.trees.J48 -- -C 0.25 -M 2	Yeast: -C 14 -split-number 1500	10	7	0.46431136326463796	0.6517006625411964	0.5256526301980846	0.39159855031386887	746.845	0.0	0.17355371900826444	0.632326580673688	0.3559398434563104	0.6462585034013605	0.21487603305785125	0.7851239669421488	0.702598692935012	0.4743473698019154	0.5256526301980846	4.2272727272727275	4.276859504132231	4.23264367816092	0.20808736717827628	0.5480366005567755	0.5462823229312959	242.0	242	2175.0	0.25206611570247933	0.19348705538197852	0.282	747.127	0.8264462809917356
meka.classifiers.multilabel.meta.BaggingML -S 1 -I 10 -P 67 -W meka.classifiers.multilabel.MULANedit -- -S BPMLLwD3 -W weka.classifiers.trees.J48 -- -C 0.25 -M 2	Yeast: -C 14 -split-number 1500	10	8	0.44150711100776424	0.6649964042586151	0.5207172495554236	0.380255026067736	748.485	0.0	0.12448132780082988	0.6426037079564053	0.34400086136121083	0.649805447470817	0.21339656194428	0.78660343805572	0.7240885333873068	0.47928275044457636	0.5207172495554236	4.224066390041494	4.3070539419087135	4.229319852941177	0.20657972732661548	0.5389275507550166	0.5366397718050444	241.0	241	2176.0	0.25311203319502074	0.17240084390351132	0.348	748.833	0.8755186721991701
meka.classifiers.multilabel.meta.BaggingML -S 1 -I 10 -P 67 -W meka.classifiers.multilabel.MULANedit -- -S BPMLLwD3 -W weka.classifiers.trees.J48 -- -C 0.25 -M 2	Yeast: -C 14 -split-number 1500	10	9	0.428433527289077	0.6440188018609069	0.5202578541790162	0.38582662003539775	744.165	0.0	0.12863070539419086	0.6323729290534272	0.34336624053689463	0.6494392979034618	0.21310017783046833	0.7868998221695317	0.7060572872061218	0.47974214582098385	0.5202578541790162	4.228215767634855	4.282157676348548	4.232077205882353	0.20450503852993485	0.5377989515893299	0.5359112863200296	241.0	241	2176.0	0.22821576763485477	0.17750416941288308	0.413	744.578	0.8713692946058091
meka.classifiers.multilabel.meta.BaggingML -S 1 -I 10 -P 67 -W meka.classifiers.multilabel.MULANedit -- -S BPMLLwD3 -W weka.classifiers.trees.J48 -- -C 0.25 -M 2	Yeast: -C 14 -split-number 1500	10	10	0.46301095920293767	0.6764516195291963	0.5440081011657775	0.36757864799803147	744.484	0.0	0.13278008298755184	0.6635827519644946	0.35886652191408785	0.6726102030708272	0.1959098992294015	0.8040901007705985	0.754536606079673	0.45599189883422253	0.5440081011657775	4.244813278008299	4.132780082987552	4.248621323529412	0.18612922347362199	0.5349039628946368	0.5323158266088539	241.0	241	2176.0	0.26141078838174275	0.15667873340517086	0.446	744.93	0.8672199170124482
